{"cameraMode":{"drawMode":0,"name":"Shaded","section":"Shading Mode"},"sceneLighting":false,"audioPlay":false,"sceneViewState":{"m_AlwaysRefresh":false,"showFog":true,"showSkybox":false,"showFlares":true,"showImageEffects":true,"showParticleSystems":true,"showVisualEffectGraphs":true,"m_FxEnabled":true},"in2DMode":false,"pivot":{"x":-1.7571351528167725,"y":4.6408915519714359,"z":-0.2658505439758301},"rotation":{"x":0.09018271416425705,"y":-0.000904259504750371,"z":0.00007244422158692032,"w":0.9959288835525513},"size":15.359224319458008,"orthographic":true}